{
    "uvs":[[0.523211,0.014038,0.75575,0.014038,0.75575,0.294789,0.523211,0.294789,0.244165,0.677136,0.011627,0.677136,0.011627,0.396385,0.244165,0.396385,0.267419,0.101545,0.499957,0.101545,0.499958,0.36831,0.267419,0.36831,0.011627,0.985962,0.011627,0.705212,0.232581,0.705211,0.232581,0.985962,0.255835,0.985962,0.255835,0.705211,0.476789,0.705211,0.476789,0.985962,0.267419,0.014038,0.499957,0.014038,0.267419,0.396385,0.499957,0.396385,0.499957,0.677136,0.267419,0.677136,0.75575,0.322864,0.75575,0.603615,0.523211,0.603615,0.523211,0.322864,0.767419,0.912441,0.767419,0.63169,0.988373,0.63169,0.988373,0.912441,0.011627,0.014038,0.244165,0.014038,0.244165,0.280802,0.011627,0.280802,0.244165,0.36831,0.011627,0.36831,0.744165,0.63169,0.744165,0.912441,0.523211,0.912441,0.523211,0.63169]],
    "normals":[0,0,1,-0,-0,-1,0.688108,-0.725608,-2e-06,0.725608,0.688108,5e-06,-0.688108,0.725608,4e-06,-0.725608,-0.688108,-1e-05,-0,0,1,0,-0,-1,0.992206,0.124608,-0,-0.124608,0.992206,5e-06,-0.992206,-0.124608,7e-06,0.124608,-0.992206,-9e-06],
    "faces":[41,0,1,2,3,0,1,2,3,0,0,0,0,41,4,7,6,5,4,5,6,7,1,1,1,1,41,0,4,5,1,8,9,10,11,2,2,2,2,41,1,5,6,2,12,13,14,15,3,3,3,3,41,2,6,7,3,16,17,18,19,4,4,4,4,41,4,0,3,7,9,8,20,21,5,5,5,5,41,8,9,10,11,22,23,24,25,6,6,6,6,41,12,15,14,13,26,27,28,29,7,7,7,7,41,8,12,13,9,30,31,32,33,8,8,8,8,41,9,13,14,10,34,35,36,37,9,9,9,9,41,10,14,15,11,37,36,38,39,10,10,10,10,41,12,8,11,15,40,41,42,43,11,11,11,11],
    "metadata":{
        "generator":"io_three",
        "uvs":1,
        "normals":12,
        "faces":12,
        "version":3,
        "type":"Geometry",
        "vertices":16
    },
    "vertices":[2.9072,1.99775,-5.34299,6.93992,1.99775,-1.51868,3.11561,1.99775,2.51405,-0.917115,1.99775,-1.31026,2.9072,2.13084,-5.34299,6.93992,2.13084,-1.51868,3.11561,2.13084,2.51405,-0.917115,2.13084,-1.31026,1.87209,1.89075,-2.41093,1.17955,1.89075,3.10347,-4.33485,1.89075,2.41093,-3.64232,1.89075,-3.10347,1.87209,2.02384,-2.41093,1.17955,2.02384,3.10347,-4.33485,2.02384,2.41093,-3.64232,2.02384,-3.10347],
    "name":"CubeGeometry"
}