{
    "uvs":[[0.614669,0.239246,0.737527,0.239246,0.737527,0.456743,0.614669,0.456743,0.235214,0.260754,0.235214,0.499758,0.021383,0.47825,0.021383,0.260754,0.827383,0.717739,0.750699,0.717739,0.751872,0.500242,0.828556,0.500242,0.564642,0.717739,0.491811,0.717739,0.491811,0.500242,0.564642,0.500242,0.856978,0.239246,0.780293,0.239246,0.781466,0.02175,0.858151,0.02175,0.094214,0.760754,0.237504,0.760754,0.237504,0.97825,0.094214,0.97825,0.021383,0.760754,0.021383,0.97825,0.021383,0.543257,0.094214,0.543257,0.237504,0.543257,0.978617,0.239246,0.978617,0.114283,0.978617,0.36421,0.858151,0.456743,0.781466,0.456743,0.707932,0.717739,0.707932,0.500242,0.707932,0.935236,0.564642,0.935236,0.491811,0.935236,0.949022,0.717739,0.949022,0.592775,0.949022,0.842703,0.828556,0.935236,0.751872,0.935236,0.235214,0.02175,0.021383,0.043257,0.449045,0.043257,0.449045,0.260754,0.449045,0.47825,0.491811,0.239246,0.491811,0.456743,0.491811,0.02175,0.614669,0.02175,0.737527,0.02175]],
    "normals":[0,0,-1,0,0,1,0.976953,-0.213454,1e-06,-0,-1,-0,-0.976953,0.213454,-1e-06,0,0.798459,-0.60205,0,1,1e-06,0,1,1e-06,0,0.798459,-0.602049,-0.962368,0.133541,-0.236674,-0.962368,-0.13354,-0.236673,-0.976953,-0.213453,-1e-06,-0,-0.798459,-0.60205,-0,-0.798458,-0.60205,-0,-1,-1e-06,0.962368,-0.133541,-0.236673,0.962368,0.13354,-0.236674,0.976954,0.213452,-0,0,0,-1,0,0,-1,0,0,-1],
    "faces":[41,25,11,2,13,0,1,2,3,0,0,0,0,41,24,19,6,18,4,5,6,7,1,1,1,1,41,23,16,5,12,8,9,10,11,2,2,2,2,41,22,18,6,14,12,13,14,15,3,3,3,3,41,21,19,7,15,16,17,18,19,4,4,4,4,41,20,9,3,15,20,21,22,23,5,5,5,5,41,17,20,15,7,24,20,23,25,6,6,6,6,41,4,10,20,17,26,27,20,24,7,7,7,7,41,10,0,9,20,27,28,21,20,8,8,8,8,41,13,21,15,3,29,16,19,30,9,9,9,9,41,2,14,21,13,31,32,16,29,10,10,10,10,41,14,6,19,21,32,33,17,16,11,11,11,11,41,11,22,14,2,34,12,15,35,12,12,12,12,41,1,12,22,11,36,37,12,34,13,13,13,13,41,12,5,18,22,37,38,13,12,14,14,14,14,41,8,23,12,1,39,8,11,40,15,15,15,15,41,0,10,23,8,41,42,8,39,16,16,16,16,41,10,4,16,23,42,43,9,8,17,17,17,17,41,16,24,18,5,44,4,7,45,1,1,1,1,41,4,17,24,16,46,47,4,44,1,1,1,1,41,17,7,19,24,47,48,5,4,1,1,1,1,41,9,25,13,3,49,0,3,50,18,18,18,18,41,0,8,25,9,51,52,0,49,19,19,19,19,41,8,1,11,25,52,53,1,0,20,20,20,20],
    "metadata":{
        "generator":"io_three",
        "uvs":1,
        "normals":21,
        "faces":24,
        "version":3,
        "type":"Geometry",
        "vertices":26
    },
    "vertices":[2.2095,0.422272,0.574555,2.2095,0.422272,-0.574555,-2.2095,0.422272,-0.574555,-2.2095,0.422272,0.574555,2.2095,-0.501143,0.999999,2.2095,-0.501143,-1,-2.2095,-0.501143,-1,-2.2095,-0.501143,1,2.2095,0.422272,0,0,0.422272,0.574555,2.2095,-0.141967,1,0,0.422272,-0.574555,2.2095,-0.141967,-1,-2.2095,0.422272,0,-2.2095,-0.141967,-1,-2.2095,-0.141967,1,2.42799,-0.501143,-0,1e-06,-0.501143,1,-1e-06,-0.501143,-1,-2.42799,-0.501143,0,1e-06,-0.141967,1,-2.42799,-0.141967,0,-1e-06,-0.141967,-1,2.42799,-0.141967,-0,-0,-0.501143,-0,0,0.422272,0],
    "name":"CubeGeometry.1"
}